Date,Time,User,Followers,Following,Total Tweets,Tweet,Language,Likes,Retweet,Verified account
01/08/23,04:32:11,FranciaMarquezM,1078914,1026,10109,"RT @PoloDemocratico: ğŸŸ¡#PoloDemocrÃ¡tico | ğŸ«¶ Hoy el Ministerio de Igualdad y Equidad es una realidad, es un hecho que nos permite avanzar hacâ€¦",espaÃ±ol,0,30,Yes
01/08/23,04:31:17,JP_GHIBLI,1663186,0,5649,ç†Šæœ¬ã§ã®ãƒã‚³ãƒã‚¹ã®ä¹—ã‚Šæ–¹ã‚¬ã‚¤ãƒ‰ğŸ¾ https://t.co/S9NTzIiALs https://t.co/DEr34MozWX,japonÃ©s,1356,139,Yes
01/08/23,04:10:06,Geo_AW,69582,841,26615,I CANT STOP FUCKING SMILING  https://t.co/AKPvrpLYZb,inglÃ©s,57,0,No
01/08/23,04:09:22,Geo_AW,69582,841,26615,THE GREATEST DUO IN ANIME/MANGA HISTORY https://t.co/Cn57G4JVLY,inglÃ©s,1086,173,No
01/08/23,04:08:44,PokeFansTaiwan,4819,348,53363,"RT @livedoornews: ã€ä»Šæ—¥ã¯ä½•ã®æ—¥ï¼Ÿã€‘1æœˆ8æ—¥ã¯ã€Œå¹³æˆãŒå§‹ã¾ã£ãŸæ—¥ã€

1989å¹´ã«æ”¹å…ƒã€‚ç™ºè¡¨æ™‚ã«å°æ¸•å®˜æˆ¿é•·å®˜ãŒæ²ã’ãŸã€Œå¹³æˆã€ã®æ›¸ã¯ã€ä¸€æ™‚è¡Œæ–¹ä¸æ˜ã«ãªã‚‹ã‚‚ã€å®Ÿã¯DAIGOï¼ˆå½“æ™‚ã®é¦–ç›¸ãƒ»ç«¹ä¸‹ç™»æ°ã®å­«ï¼‰ã®å®Ÿå®¶ã«é£¾ã‚‰ã‚Œã¦ã„ãŸã¨ã„ã†ã®ã¯æœ‰åãªã‚¨ãƒ”ã‚½ãƒ¼ãƒ‰ã€‚ã“ã®åçœã‹ã‚‰ã€ã€Œâ€¦",japonÃ©s,0,2707,No
01/08/23,04:01:06,FCBarcelona,45788340,111,129280,"Unreal from Leo Messi ğŸ˜®
#AtletiBarÃ§a https://t.co/3GZQhuEH6A",inglÃ©s,2939,278,Yes
01/08/23,03:54:45,alcaldiapasto,30486,1259,53938,"ğŸ§¾ Presentamos reporte del BoletÃ­n EpidemiolÃ³gico de Lesionados por PÃ³lvora.

Con corte a las 12:00 m. del 7 de enerâ€¦ https://t.co/qfDxDzUyY1",espaÃ±ol,1,0,No
01/08/23,03:48:20,elonmusk,124885885,165,21998,"Easy swipe right/left to move between recommended vs followed tweets rolls out later this week.

First part of a muâ€¦ https://t.co/AGiPMijLK9",inglÃ©s,35046,3480,Yes
01/08/23,03:02:39,alcaldiapasto,30486,1259,53938,"AsÃ­ vivimos el XIX Festival del Cuy y la Cultura Campesina en los corregimientos de Catambuco, Genoy, La Laguna y Oâ€¦ https://t.co/lGlIyZ79FD",espaÃ±ol,10,3,No
01/08/23,03:00:22,platzi,292735,232,170159,"Â¿QuÃ© tanto conoces Angular? 

Este NUEVO Laboratorio con @nicobytes  te ayudarÃ¡ a organizar servicios, componentes,â€¦ https://t.co/ZlfuNvBcDF",espaÃ±ol,7,1,Yes
01/08/23,02:30:24,psy_oppa,4371479,626,5042,[ì œ37íšŒ ê³¨ë“ ë””ìŠ¤í¬] PSY - 'That That + ê°•ë‚¨ìŠ¤íƒ€ì¼' â™ªï½œJTBC 230107 ë°©ì†¡ (ì¶œì²˜ : ì œ37íšŒ ê³¨ë“ ë””ìŠ¤í¬ì–´ì›Œì¦ˆ with í‹±í†¡ | ë„¤ì´ë²„TV) https://t.co/L1vMTVSyNk,coreano,844,172,Yes
01/08/23,02:01:26,FCBarcelona,45788340,111,129280,ğŸ§ The sights and sounds of our final training session before #AtletiBarÃ§a https://t.co/eFrj2U2Sqv,inglÃ©s,997,71,Yes
01/08/23,02:00:30,digimonweb_net,110067,22,81093,"ï¼¼ãƒã‚§ãƒƒã‚¯ã—ã¾ã—ãŸã‹ï¼Ÿï¼
ãƒ‡ã‚¸ãƒ¢ãƒ³ã®é­…åŠ›ã‚„æ­´å²ãŒã‚ˆãã‚ã‹ã‚‹â—ï¸
ç‰¹è¨­ã‚µã‚¤ãƒˆã€Œãƒ‡ã‚¸ãƒ¢ãƒ³ã‚¸ãƒ£ãƒ¼ãƒŠãƒ«ã€å…¬é–‹ä¸­â€¼ï¸ğŸ†•
ã€Œã‚ªãƒ¡ã‚¬ãƒ¢ãƒ³Alter-Sã€ã€Œãƒ¯ãƒ¼ã‚¬ãƒ«ãƒ«ãƒ¢ãƒ³ã€ã€Œãƒªãƒªã‚¹ãƒ¢ãƒ³ã€ã‚’ãƒ”ãƒƒã‚¯ã‚¢ãƒƒãƒ—â—ï¸â€¦ https://t.co/Q7hGmyNUiQ",japonÃ©s,158,48,No
01/08/23,01:40:28,petrogustavo,6411448,2683,139872,"RT @AlvaroLeyva: #Hoy Celebrando en el Palacio de Miraflores de Caracas, el II encuentro entre los Presidentes @petrogustavo y @NicolasMaduâ€¦",espaÃ±ol,0,307,Yes
01/08/23,01:37:29,petrogustavo,6411448,2683,139872,RT @AABenedetti: Â¡Muy feliz! Fue un honor recibir por primera vez en la residencia del embajador en Caracas al presidente @petrogustavo. Â¡Tâ€¦,espaÃ±ol,0,526,Yes
01/08/23,01:36:56,GustavoBolivar,1450169,24444,60319,"Como ya es costumbre, en un aÃ±o electoral, los Char presentarÃ¡n a Barranquilla y al AtlÃ¡ntico el mejor programa:
Yaâ€¦ https://t.co/1p0MS27iRO",espaÃ±ol,1610,428,Yes
01/08/23,01:00:56,Eiichiro_Staff,1842741,174,8567,"è¶…æœ¬æ ¼RPGã€ONE PIECE ODYSSEYã€
1.12(æœ¨)ç™ºå£²ã§ã™ï¼ã‚ã¨ã™ã“ã—ğŸ˜¤

ãŸã ã„ã¾é™å®šã‚°ãƒƒã‚ºãŒæ‰‹ã«å…¥ã‚‹ãƒ•ã‚©ãƒˆãƒ©ãƒªãƒ¼ã‚¤ãƒ™ãƒ³ãƒˆã‚’æ¸‹è°·ã§é–‹å‚¬ä¸­ï¼
æœŸé–“ã¯æ˜æ—¥ã¾ã§ï¼ã‚ãã³ã«ãã¦ã­ğŸ’¨

#æ€ã„å‡ºã‚’å·¡ã‚‹æ¸‹è°·ã‚¸ãƒ£ãƒƒã‚¯â€¦ https://t.co/sUQULCM5ft",japonÃ©s,1384,214,Yes
01/08/23,01:00:28,platzi,292735,232,170159,"ğŸ“°Sam Bankman se declara inocente y Microsoft desafÃ­a a Google al integrar ChatGPT.

Esto y mÃ¡s en las noticias techâ€¦ https://t.co/xd9Q7kzpXB",espaÃ±ol,31,5,Yes
01/08/23,00:48:24,JP_GHIBLI,1663186,0,5649,ä»Šå¤œã®ã€Œéˆ´æœ¨æ•å¤«ã®ã‚¸ãƒ–ãƒªæ±—ã¾ã¿ã‚Œã€ï¼ˆTOKYO FMä»–JFNå…¨å›½38å±€ãƒãƒƒãƒˆ/23:00ï½ï¼‰ã¯ã€å…ˆé€±ã«å¼•ãç¶šãã€ã€Œã‚¢ãƒ‹ãƒ¡ãƒ¼ã‚¸ãƒ¥ã¨ã‚¸ãƒ–ãƒªå±•ã€ã®ãƒˆãƒ¼ã‚¯ã‚¤ãƒ™ãƒ³ãƒˆãƒ¼ã‚¯ã®æ§˜å­ãƒ»å¾Œç·¨ã‚’ãŠé€ã‚Šã—ã¾ã™ã€‚ https://t.co/Y4BTGfzaEQ,japonÃ©s,3258,209,Yes
01/08/23,00:46:09,TropiBogota,120588,909,206785,"Alberto Aguilera Valadez naciÃ³ en ParÃ¡cuaro, MichoacÃ¡n, el 7 de enero de 1950 y muriÃ³ en Santa MÃ³nica, California,â€¦ https://t.co/fAXaGHEjC3",espaÃ±ol,1,0,Yes
01/08/23,00:40:03,PSG_espanol,1643120,126,46759,"Con profunda tristeza el PSG comunica el fallecimiento de nuestro exjugador Modeste M'Bami.

El club ofrece sus mÃ¡sâ€¦ https://t.co/j03cmNwFBT",espaÃ±ol,595,23,Yes
01/08/23,00:34:15,ClaudiaLopez,2846325,2996,73136,"RT @AteneaBogota: ğŸ§® La 4a Convocatoria #JÃ³venesALaU en cifras:
ğŸ”¹5.251 mujeres y 747 con hijos
ğŸ”¹754 pertenecen a grupos Ã©tnicos
ğŸ”¹1.041 tieneâ€¦",espaÃ±ol,0,5,Yes
01/08/23,00:30:00,digimonweb_net,110067,22,81093,"ã€Œãƒ‡ã‚¸ãƒ¢ãƒ³ã‚´ãƒ¼ã‚¹ãƒˆã‚²ãƒ¼ãƒ ã€ç¬¬58è©±ã€é‡‘å­—å¡”ã€‘ã”è¦–è´ã‚ã‚ŠãŒã¨ã†ã”ã–ã„ã¾ã—ãŸ
ç©¶æ¥µé€²åŒ–ãƒ‡ã‚£ãƒ«ãƒ“ãƒƒãƒˆãƒ¢ãƒ³â—ï¸å›³é‘‘ã‚‚å…¬é–‹â€¼ï¸
https://t.co/FGgKTDXeD3

ã‚¨ãƒ³ã‚·ã‚§ãƒ³ãƒˆã‚¹ãƒ•ã‚£ãƒ³ã‚¯ãƒ¢ãƒ³ã‚‚ã‚¢ãƒ‹ãƒ¡åˆç™»å ´
æœŸé–“é™å®šã®ç„¡æ–™è¦‹é€ƒã—â€¦ https://t.co/W5L3zsQAel",japonÃ©s,886,433,No
01/08/23,00:03:51,oficialHASSAM,1439347,380,55887,Todo el dÃ­a Esperando que oscureciera para salir y ahora que oscureciÃ³ me dio sueÃ±o. ğŸ˜†ğŸ˜†ğŸ˜†ğŸ˜†ğŸ˜†ğŸ˜†ğŸ˜†,espaÃ±ol,100,6,Yes
01/08/23,00:01:07,FCBarcelona,45788340,111,129280,ğŸš² @10Ronaldinho shows how it's done #AtletiBarÃ§a https://t.co/ST9bKWh5AG,inglÃ©s,2959,256,Yes
01/08/23,00:01:02,FCBarcelona_es,20835101,104,131263,"Leo Messi ğŸ†š AtlÃ©tico Madrid

#AtletiBarÃ§a https://t.co/A0H5W2q8I4",portuguÃ©s,2133,118,Yes
01/07/23,23:45:30,digimonweb_net,110067,22,81093,"ãŠã¯ã‚ˆã†ã”ã–ã„ã¾ã™ğŸŒ¤ï¸
ï¼™æ™‚ã‹ã‚‰ã€Œãƒ‡ã‚¸ãƒ¢ãƒ³ã‚´ãƒ¼ã‚¹ãƒˆã‚²ãƒ¼ãƒ ã€ç¬¬58è©±ã€é‡‘å­—å¡”ã€‘ãŒæ”¾é€ã§ã™
ä»Šæ—¥ã‹ã‚‰ã‚¨ãƒ³ãƒ‡ã‚£ãƒ³ã‚°æ›²ãŒPenthouseã®ã€ŒTake Me Maybeã€ã«ğŸ¶

ãã—ã¦ãƒ‡ãƒ¼ã‚¿æ”¾é€ã®ãƒ‡ã‚¸ãƒ¢ãƒ³è‚²æˆã¯ã€ä»Šæ—¥ã‹ã‚‰æ–°ã‚·ãƒ¼ã‚ºãƒ³â—ï¸
ãœâ€¦ https://t.co/ptZnlZt5sT",japonÃ©s,228,49,No
01/07/23,23:36:40,infopresidencia,1676413,293,192177,"RT @NicolasMaduro: Venezuela le abre sus puertas al Presidente de la RepÃºblica de Colombia, @petrogustavo. Estamos complacidos de recibirloâ€¦",espaÃ±ol,0,1737,Yes
01/07/23,23:33:25,infopresidencia,1676413,293,192177,7ï¸âƒ£ Se crearÃ¡ una comisiÃ³n tÃ©cnica para construir y formular proyectos de conectividad entre el Mar Caribe y el Pacâ€¦ https://t.co/RZAtdk5qVo,espaÃ±ol,35,15,Yes
01/07/23,23:33:25,infopresidencia,1676413,293,192177,6ï¸âƒ£ Se revisarÃ¡n los proyectos binacionales de Colombia ğŸ‡¨ğŸ‡´ y Venezuela ğŸ‡»ğŸ‡ª en materia de proyectos de infraestructurâ€¦ https://t.co/bubspvdav1,espaÃ±ol,42,16,Yes
01/07/23,23:33:25,infopresidencia,1676413,293,192177,"5ï¸âƒ£ Se promoverÃ¡n conjuntamente convenios de complementacion binacionales agropecuarios, industriales y de servicioâ€¦ https://t.co/C0gxD3FBOQ",espaÃ±ol,29,14,Yes
01/07/23,23:33:24,infopresidencia,1676413,293,192177,"4ï¸âƒ£ Se informÃ³ sobre el avance logrado en la apertura de los puentes fronterizos entre Colombia y Venezuela, que haâ€¦ https://t.co/vNKyRZOt2I",espaÃ±ol,38,16,Yes
01/07/23,23:33:24,infopresidencia,1676413,293,192177,"3ï¸âƒ£ RevisiÃ³n del Acuerdo de Alcance Parcial No. 28, que rige el comercio bilateral, en particular en Acceso a Mercaâ€¦ https://t.co/EHyHKZvBlS",espaÃ±ol,29,13,Yes
01/07/23,23:33:24,infopresidencia,1676413,293,192177,2ï¸âƒ£ Se anunciÃ³ el avance logrado para culminar la negociaciÃ³n del Acuerdo relativo a la PromociÃ³n y ProtecciÃ³n RecÃ­â€¦ https://t.co/tkbRWwLUfO,espaÃ±ol,29,16,Yes
01/07/23,23:33:23,infopresidencia,1676413,293,192177,1ï¸âƒ£ Venezuela como paÃ­s garante apoyarÃ¡ al Gobierno de Colombia en su objetivo por mantener el cese bilateral y la Paz Total.,espaÃ±ol,30,14,Yes
01/07/23,23:33:22,infopresidencia,1676413,293,192177,"#EnImÃ¡genes | Los Presidentes de la RepÃºblica de Colombia, @petrogustavo, y de la RepÃºblica Bolivariana de Venezuelâ€¦ https://t.co/0kLhAvE6Sq",espaÃ±ol,311,114,Yes
01/07/23,23:24:36,TropiBogota,120588,909,206785,Ojo todo este fin de semana con la programaciÃ³n de Tropicana; ademÃ¡s entregaremos ayudas de $100.000 pesos para queâ€¦ https://t.co/7fE4UDHkzs,espaÃ±ol,2,0,Yes
01/07/23,23:20:11,platzi,292735,232,170159,"Â¿CuÃ¡ntas veces al dÃ­a sientes miedo, ira, asco, alegrÃ­a o tristeza?

Te invitamos a Entender tus Emociones BÃ¡sicas,â€¦ https://t.co/evv9P3GeeP",espaÃ±ol,46,9,Yes
01/07/23,23:16:25,FCBarcelona_es,20835101,104,131263,ğŸ”‰ Hora del siguiente objetivo: ğ—ğ—¼ğ—¿ğ—»ğ—®ğ—±ğ—® ğŸ­ğŸ² https://t.co/OR5b1GBRlp,espaÃ±ol,690,41,Yes
01/07/23,23:16:23,FCBarcelona_es,20835101,104,131263,ğŸ”‰ Hora del siguiente objetivo: ğ—ğ—¼ğ—¿ğ—»ğ—®ğ—±ğ—® ğŸ­ğŸ² https://t.co/mZFc6hbS3M,espaÃ±ol,999,53,Yes
01/07/23,23:02:59,AmericadeCali,918002,55,51054,2ï¸âƒ£2ï¸âƒ£2ï¸âƒ£0ï¸âƒ£ https://t.co/Qkn1h00gRt,indefinido,310,30,Yes
01/07/23,22:59:30,fifaworldcup_es,2881376,451,25935,ğŸ•º Â¡Es sÃ¡bado y asoman esos pasos prohibidos! https://t.co/qq6CkaxF79,espaÃ±ol,1081,41,Yes
01/07/23,22:50:40,elonmusk,124885896,165,21998,Plaid is sickkk https://t.co/OxBD8Zv7Xq,inglÃ©s,40871,2744,Yes
01/07/23,22:49:00,petrogustavo,6411448,2683,139872,Este es el comunicado conjunto de los gobiernos de Colombia y Venezuela https://t.co/ubrBeqagf7,espaÃ±ol,2780,1127,Yes
01/07/23,22:45:00,FCBarcelona,45788340,111,129280,"The training kit can be yours ğŸ’ 
#AtletiBarÃ§a",inglÃ©s,1931,100,Yes
01/07/23,22:45:00,FCBarcelona_es,20835101,104,131263,"ğŸ’¥ Â¡MaÃ±ana, partidazo!

ğŸ”œ #AtletiBarÃ§a",espaÃ±ol,1673,70,Yes
01/07/23,22:31:05,FCBarcelona_cat,7927651,97,117821,"Leo Messi ğŸ†š AtlÃ¨tic de Madrid

#AtletiBarÃ§a https://t.co/YX94UX8VHd",catalÃ¡n,531,39,Yes
01/07/23,22:24:03,alcaldiapasto,30486,1259,53938,RT @GERMANCHAMORRO1: Â¡En el Carnaval de @negrosyblancos realizamos el Festival del Cuy y la Cultura Campesina en 4 corregimientos de #Pastoâ€¦,espaÃ±ol,0,13,No
01/07/23,22:14:48,ClaudiaLopez,2846325,2996,73136,"RT @Ambientebogota: Â¡QuÃ© buen plan para despedir las vacaciones! ğŸ Este es el Ãºltimo fin de semana de la exposiciÃ³n ""Polinizando"" en el @JBâ€¦",espaÃ±ol,0,5,Yes
01/07/23,21:45:30,TropiBogota,120588,909,206785,"El sujeto, de 56 aÃ±os, habrÃ­a abusado de su madre ademÃ¡s de quebrantar una orden de alejamiento impuesta por las auâ€¦ https://t.co/iqzoirzIBx",espaÃ±ol,0,0,Yes
01/07/23,21:42:26,FCBarcelona_cat,7927651,97,117821,SegÃ¼ent objectiu: ğ—ğ—¼ğ—¿ğ—»ğ—®ğ—±ğ—® ğŸ­ğŸ² ğŸ’ªğŸ”‰ https://t.co/dKILW6AStO,catalÃ¡n,301,20,Yes
01/07/23,21:40:10,platzi,292735,232,170159,"Â¿Tienes un proyecto ambicioso que cumplir? Â¡Esperamos que sÃ­!

Para cumplirlo: Fija prioridades, visibilizar los paâ€¦ https://t.co/cOsa3EII3W",espaÃ±ol,16,5,Yes
01/07/23,21:39:25,petrogustavo,6411448,2683,139872,"RT @NicolasMaduro: Con el Presidente de la RepÃºblica de Colombia, Gustavo Petro, tuvimos una reuniÃ³n amplia y muy fructÃ­fera. Tenemos una râ€¦",espaÃ±ol,0,2377,Yes
01/07/23,21:37:10,SpaceX,27530608,100,6425,Falcon Heavy in the hangar at Launch Complex 39A in Florida https://t.co/juU6Im08zj,inglÃ©s,20803,2215,Yes
01/07/23,21:36:24,fifaworldcup_es,2881376,451,25935,ğŸ‡²ğŸ‡½ Â¡Este fin de semana arrancÃ³ el #Clausura2023 de la #LigaMX! Â¿QuiÃ©n es tu favorito para ser campeÃ³n? ğŸ‘€,espaÃ±ol,97,5,Yes
01/07/23,21:31:04,FCBarcelona_es,20835101,104,131263,"ğŸ”¥ Â¡Gavi ya sabe lo que es marcar vs AtlÃ©tico de Madrid!

#LaLigaHighlights https://t.co/NJSZaD162k",espaÃ±ol,3200,171,Yes
01/07/23,21:30:00,FCBarcelona,45788341,111,129280,ğŸ† FC Barcelona drawn against Ceuta in Copa del Rey,rumano ,1776,97,Yes
01/07/23,21:23:16,infopresidencia,1676413,293,192177,"Conoce a Ana Julia, una ciudadana del departamento del ChocÃ³ que destaca la importancia de la creaciÃ³n del Ministerâ€¦ https://t.co/FvfdwsCdh6",espaÃ±ol,77,29,Yes
01/07/23,21:18:31,netflix,21316508,2214,47394,"RT @jelevision: georgia watching marcus sneak into ginnyâ€™s bedroom window #ginnyandgeorgia 

https://t.co/BPy75K6l6W",inglÃ©s,0,486,Yes
01/07/23,21:18:08,netflix,21316508,2214,47394,RT @oocgng: the difference between marcus and ginnyâ€™s perspectives was shown extremely well here #ginnyandgeorgia https://t.co/cnfaGA5xey,inglÃ©s,0,355,Yes
01/07/23,21:17:23,netflix,21316508,2214,47394,RT @slashershotzi: oh god the georgia miller love interest club are all together #ginnyandgeorgia https://t.co/0a3cdxrFia,inglÃ©s,0,167,Yes
01/07/23,21:16:22,LokilloFlorez,221347,66,4359,"Â¿QuÃ© es mejor: taxi o Uber? ğŸš–ğŸš˜

#LosParceritos https://t.co/KfpRVQigpv",espaÃ±ol,242,15,No
01/07/23,21:00:16,FCBarcelona_cat,7927651,97,117821,ğŒğ€ğ‘ğ‚ğŸ˜ğ’ https://t.co/DYhmqZYovs,inglÃ©s,1044,35,Yes
01/07/23,20:45:58,FCBarcelona_es,20835101,104,131263,QuÃ© gol âœŒï¸ @Pedri https://t.co/RDrvK0D13j,espaÃ±ol,1775,125,Yes
01/07/23,20:45:09,FCBarcelona_cat,7927651,97,117821,Som-hiiiiii ğŸ’ª https://t.co/ishnGlDZRj,inglÃ©s,257,17,Yes
01/07/23,20:31:03,FCBarcelona,45788341,111,129280,"The Canary Island Banana Kick
ğŸŒğŸŒ´ @Pedri ğŸ˜‰ https://t.co/VLQvgG1OGV",inglÃ©s,2211,172,Yes
01/07/23,20:09:58,ClaudiaLopez,2846325,2996,73136,"RT @IDIGER: #LluviasBogotÃ¡ ğŸŒ§ï¸ â˜”
Nuestras estaciones de monitoreo de lluvias registran precipitaciones en las localidades de:

â›ˆï¸UsaquÃ©n 
â›ˆï¸â€¦",espaÃ±ol,0,6,Yes
01/07/23,19:55:10,platzi,292735,232,170159,"Toda la interacciÃ³n que tienes en esta red social o en cualquier otra app o  web empieza con UX Research, y este 20â€¦ https://t.co/Q0TdAMENam",espaÃ±ol,21,4,Yes
01/07/23,19:48:21,infopresidencia,1676413,293,192177,"#AEstaHora | El Presidente @petrogustavo sostiene una ReuniÃ³n Bilateral con la delegaciÃ³n venezolana, el Vicepresidâ€¦ https://t.co/JLxVULKg0i",espaÃ±ol,735,408,Yes
01/07/23,19:45:00,FCBarcelona,45788341,111,129280,Pablo Torre is a master of Ctrl https://t.co/az29f34sNl,inglÃ©s,6080,283,Yes
01/07/23,19:32:15,TropiBogota,120588,909,206785,"Â¿Romance a la vista? La actriz disfrutÃ³ de una noche de baile con un hombre que pareciÃ³ no despegarse de ella ğŸ˜±ğŸ‘‡
https://t.co/xKIxkP29A6",espaÃ±ol,2,1,Yes
01/07/23,19:31:01,FCBarcelona_cat,7927651,97,117821,"ğŸ”¥ El gol de Gavi ğŸ†š AtlÃ¨tic de Madrid

#LaLigaHighlights https://t.co/Ox4Z15E5UX",catalÃ¡n,695,53,Yes
01/07/23,19:16:04,netflix,21316512,2214,47394,Finished Kaleidoscope? Did you notice all these Easter Eggs? https://t.co/PuqccqgZs6,inglÃ©s,1445,122,Yes
01/07/23,19:11:55,fifaworldcup_es,2881376,451,25935,ğŸ‡¦ğŸ‡· @lioscaloni dio el puntapiÃ© inicial en el duelo entre Mallorca y Valladolid por @LaLiga. ğŸ‘ https://t.co/PQqgMVeYlx,espaÃ±ol,937,48,Yes
01/07/23,19:01:30,fifaworldcup_es,2881376,451,25935,"ğŸ´ó §ó ¢ó ¥ó ®ó §ó ¿ğŸ‡©ğŸ‡ªğŸ´ó §ó ¢ó ¥ó ®ó §ó ¿ğŸ‡ªğŸ‡¸

Â¿De dÃ³nde serÃ¡ el prÃ³ximo campeÃ³n del #ClubWC? ğŸ† https://t.co/guhSnLP5IX",espaÃ±ol,160,14,Yes
01/07/23,18:57:42,infopresidencia,1676413,293,192177,"El Presidente @petrogustavo llega a Caracas, Venezuela, para reunirse con el Presidente @nicolasmaduro. ğŸ‡¨ğŸ‡´ğŸ‡»ğŸ‡ª https://t.co/77mhnHQVk0",espaÃ±ol,1145,408,Yes
01/07/23,18:36:05,ghiblipicture,485329,4,397,Anime : Kiki's Delivery Service https://t.co/nCtdVXQ36I,filipino,7891,866,No
01/07/23,18:31:05,FCBarcelona,45788341,111,129280,"Go long, Rivaldo ğŸ¤¯
#AtletiBarÃ§a https://t.co/VYWHadjV1u",filipino,2741,168,Yes
01/07/23,18:09:24,AmericadeCali,918002,55,51054,https://t.co/rvBmF3vWy9,sin contenido linguistico,254,28,Yes
01/07/23,18:09:21,AmericadeCali,918002,55,51054,âš½ğŸƒ Los trabajos no paran en nuestra Sede Deportiva Cascajal. ğŸ‡¦ğŸ‡¹ https://t.co/DxHszIsD0U,espaÃ±ol,487,41,Yes
01/07/23,18:08:25,GustavoBolivar,1450169,24444,60319,"RT @smilelalis: Lo de Polo Polo con nuestra Vicepresidenta ya es un asunto personal. Ha pasado todas las lÃ­neas del irrespeto, es racista,â€¦",espaÃ±ol,0,1802,Yes
01/07/23,18:01:38,platzi,292735,232,170159,"Â¡Nuevas metas, nuevos cursos! Este es solo un adelanto de enero. 

Â¿QuÃ© cursos quieres que lancemos en el 2023? ğŸ‘€ https://t.co/Qres2k8g8t",espaÃ±ol,184,21,Yes
01/07/23,18:00:19,FCBarcelona_cat,7927651,97,117821,Preparat per lâ€™#AtletiBarÃ§a https://t.co/TLBX0wCOWU,espaÃ±ol,717,27,Yes
01/07/23,18:00:00,TropiBogota,120588,909,206785,La influencer sorprendiÃ³ a sus seguidores con su opiniÃ³n sobre el fÃ­sico del hermano menor de su pareja. Esto revelâ€¦ https://t.co/JWRJVgg4de,espaÃ±ol,1,0,Yes
01/07/23,17:49:21,ClaudiaLopez,2846325,2996,73136,RT @SectorMovilidad: Con corte a las [12:00 m.] han salido mÃ¡s de 347 mil vehÃ­culos de la capital y se estima que durante este fin de semanâ€¦,espaÃ±ol,0,5,Yes
01/07/23,17:41:39,alcaldiapasto,30486,1259,53938,"RT @GERMANCHAMORRO1: Desde Obonuco, realizamos la apertura del Festival del Cuy y la Cultura Campesina.

Los invitamos a visitar este correâ€¦",espaÃ±ol,0,15,No
01/07/23,17:40:00,NASAExoplanets,1372823,142,7616,"Exoplanet ... or eggs-oplanet? ğŸ¥š 
Some planets are so close to their stars that they're being pulled and stretchedâ€¦ https://t.co/tsVtVnavTf",inglÃ©s,1739,377,Yes
01/07/23,17:35:02,infopresidencia,1676413,293,192177,Este nuevo cÃ¡lculo para los incrementos de los subsidios busca garantizar que se cumpla la PolÃ­tica de Subsidios deâ€¦ https://t.co/2BxZgv2RjE,espaÃ±ol,116,71,Yes
01/07/23,17:31:08,FCBarcelona,45788341,111,129280,"""The key of the game is to play with rhythm and defend well.""

      â€” @dembouz on #AtletiBarÃ§a https://t.co/dfdSthNLnW",inglÃ©s,2486,134,Yes
01/07/23,17:16:56,fifaworldcup_es,2881376,451,25935,"ğŸ‡¦ğŸ‡· @alemacallister entrÃ³ en el segundo tiempo y marcÃ³ un doblete para el Brighton en FA Cup âš½ï¸âš½ï¸

Con esos colores,â€¦ https://t.co/ehDywApe6i",espaÃ±ol,1960,94,Yes
01/07/23,17:15:30,TropiBogota,120588,909,206785,"El video del fuerte encontronazo se hizo viral en redes sociales, pues la otra mujer resultÃ³ en el suelo del recintâ€¦ https://t.co/Ec1wdiGYjf",espaÃ±ol,1,0,Yes
01/07/23,17:13:40,FCBarcelona,45788341,111,129280,Mood https://t.co/HOQrw8Jl24,inglÃ©s,28967,1768,Yes
01/07/23,17:00:20,FCBarcelona_es,20835101,104,131263,ğŸ˜„ https://t.co/bWA1wv8A3L,indefinido,26354,1320,Yes
01/07/23,16:59:38,NASA,69373557,184,69340,"Peering inward toward the center of our Milky Way galaxy, a globular cluster shines bright, 50,000 light-years fromâ€¦ https://t.co/ibs6A4viQ0",inglÃ©s,12289,1293,Yes
01/07/23,16:56:11,elonmusk,124885906,165,21998,Thread on how safe Tesla cars are https://t.co/M3Hf3q4kh3,inglÃ©s,38077,3813,Yes
01/07/23,16:49:49,PSG_espanol,1643120,126,46759,"Suscribite a #PSGTV ğ‘ƒğ‘Ÿğ‘’ğ‘šğ‘–ğ‘¢ğ‘š y no te pierdas el episodio completo  â¤µï¸ 
https://t.co/pNZxVXbokH",espaÃ±ol,39,2,Yes
01/07/23,16:48:52,PSG_espanol,1643120,126,46759,"Â¡No te pierdas el episodio 1ï¸âƒ£8âƒ£ de #ThisIsParis! ğŸ“ºğŸ”´ğŸ”µ

 https://t.co/uiQFtTmL46",inglÃ©s,160,13,Yes
01/07/23,16:37:45,ClaudiaLopez,2846325,2996,73136,"RT @ELTIEMPO: VÃ­a @BogotaET | Los centros de vida que han salvado a decenas de personas.

Comprometidos y motivados, salieron adelante gracâ€¦",espaÃ±ol,0,5,Yes
01/07/23,16:01:59,platzi,292735,232,170159,"Todos creemos que tenemos pensamiento lÃ³gico hasta que enfrentamos los DesafÃ­os de Pensamiento LÃ³gico. 

Entrena tuâ€¦ https://t.co/ju27z2l2yd",espaÃ±ol,45,7,Yes
01/07/23,16:01:48,PSG_espanol,1643120,126,46759,"Â¡Una postal del entrenamiento de hoy! â¤ï¸ğŸ’™

ğŸ”œ #PSGSCO I @qatarairways https://t.co/H0aK8rbAYp",espaÃ±ol,2885,107,Yes
01/07/23,16:00:58,AmericadeCali,918002,55,51054,"ğŸ‘¨â€ğŸ« Â¡Hombre de la casa! Esta temporada, el profesor Carlos Asprilla aportarÃ¡ toda su experiencia y conocimiento comâ€¦ https://t.co/UAgYwkseqs",espaÃ±ol,820,70,Yes
01/07/23,16:00:31,FCBarcelona,45788341,111,129280,"ğŸ–¥ï¸ What time is #AtletiBarÃ§a in your neck of the woods?
https://t.co/JwjV32a16g",inglÃ©s,1646,84,Yes
01/07/23,16:00:22,FCBarcelona_cat,7927651,97,117821,Lewy ğŸ‘ https://t.co/Nr81iUZXdx,galÃ©s,2313,76,Yes
01/07/23,16:00:01,TropiBogota,120588,909,206785,"El actor compartiÃ³ mensajes sobre la importancia de â€œbrillar con luz propiaâ€, pero causÃ³ opiniones divididas. Estoâ€¦ https://t.co/ZVn0BDouSV",espaÃ±ol,1,0,Yes
01/07/23,15:52:54,PSG_espanol,1643120,126,46759,"ğŸ™ Las reacciones de Christophe Galtier, Warren Zaire-Emery y Ilyes Housni despuÃ©s del #LBCPSG âš½ï¸ (1-3)

ğŸ†â€¦ https://t.co/s9VMHwlTDp",espaÃ±ol,100,6,Yes
01/07/23,15:47:26,AlNassrFC_EN,880645,56,14780,No time to rest ğŸ’ª https://t.co/dljtKzyWke,inglÃ©s,61352,6033,Yes
01/07/23,15:39:44,TheGhibliFamily,194928,2,1751,https://t.co/bPtfx2nxsT,sin contenido linguistico,599,60,No
01/07/23,15:38:24,TheGhibliFamily,194928,2,1751,Adorable Ghibli bento boxes ğŸ˜‹ğŸ± https://t.co/lAkO7zADk0,espaÃ±ol,4245,672,No
01/07/23,15:31:09,infopresidencia,1676413,293,192177,"Conoce a MÃ¡ximo Copete. Desde Istmina, ChocÃ³, envÃ­a un mensaje a Colombia sobre el valor que tiene el Ministerio deâ€¦ https://t.co/K9BQ4lTEMr",espaÃ±ol,90,33,Yes
01/07/23,15:21:04,Cristiano,106834933,63,3860,Make every workout countğŸ’ªğŸ¼ https://t.co/B9Ja80OwTl,inglÃ©s,329079,29581,Yes
01/07/23,15:15:30,TropiBogota,120588,909,206785,"El delantero publicÃ³ los fragmentos de la romÃ¡ntica escena con la madre de sus cuatro hijos â¤ï¸ğŸ’
https://t.co/2TeYLNqddh",espaÃ±ol,2,0,Yes
01/07/23,15:10:53,fifaworldcup_es,2881376,451,25935,"â€œÂ¿Como van a convencerme de que la magia no existe? â­ï¸â­ï¸â­ï¸â€

ğŸ“¸ Leo Messi en Instagram ğŸ‡¦ğŸ‡· https://t.co/qg2hXEJrRn",espaÃ±ol,2818,219,Yes
01/07/23,15:01:30,fifaworldcup_es,2881376,451,25935,"ğŸ‡§ğŸ‡· QuÃ© gran artista es @DaniAlvesD2 ğŸ¨

#CopaMundialFIFA",espaÃ±ol,362,20,Yes
01/07/23,15:01:03,FCBarcelona,45788341,111,129280,"Leo Messi ğŸ†š AtlÃ©tico Madrid
#AtletiBarÃ§a https://t.co/QOPZtBwod0",portuguÃ©s,4047,271,Yes
01/07/23,15:00:18,FCBarcelona_es,20835101,104,131263,La mirada de Jules. https://t.co/o0yjWrmatH,catalÃ¡n,4165,143,Yes
01/07/23,14:50:37,ClaudiaLopez,2846325,2996,73136,RT @SectorMovilidad: ğŸš¨Con corte a las 8:00 a.m. han salido mÃ¡s de 270 mil vehÃ­culos de la ciudad y se registra una velocidad promedio de 35â€¦,espaÃ±ol,0,5,Yes
01/07/23,14:50:28,ClaudiaLopez,2846325,2996,73136,"RT @SectorMovilidad: IMPORTANTEğŸ”Š

ğŸš˜Ciudadanos, este lunes 9 de enero habrÃ¡ #PicoYPlacaRegional en las entradas de BogotÃ¡. Desplegamos nuestâ€¦",espaÃ±ol,0,12,Yes
01/07/23,14:41:44,ClaudiaLopez,2846325,2996,73136,"RT @BogotaEE: Comience 2023 recorriendo los nuevos caminos de los cerros orientales de #BogotÃ¡.

ğŸš¶â€â™‚ï¸ğŸŒ³ğŸï¸ğŸš¶â€â™€ï¸

Conozca los nuevos caminos enâ€¦",espaÃ±ol,0,17,Yes
01/07/23,14:22:07,PokeFansTaiwan,4819,348,53363,RT @souhakurumi: ã“ã®æ˜­å’Œã®å†™çœŸã€ã©ã“ãªã‚“ã ã‚ï¼Ÿ https://t.co/D7LJf9eP6m,japonÃ©s,0,1033,No
01/07/23,14:21:34,AmericadeCali,918002,55,51054,ğŸ“¹ Declaraciones de nuestro equipo tras la primera semana de trabajos en la #PretemporadaEscarlata2023 ğŸ‡¦ğŸ‡¹ https://t.co/bOpDd0legA,espaÃ±ol,448,45,Yes
01/07/23,14:20:37,ClaudiaLopez,2846325,2996,73136,"RT @ELTIEMPO: #BogotÃ¡ | El estallido cultural y econÃ³mico que dejan los grandes conciertos.

La capital se ratificÃ³ como potencia en la indâ€¦",espaÃ±ol,0,6,Yes
01/07/23,14:19:27,TropiBogota,120588,909,206785,Video ğŸ“±. QuedÃ³ registrado el momento en que el sujeto se valiÃ³ de su flexibilidad para salir por el angosto espacioâ€¦ https://t.co/G5vQDJza4Y,espaÃ±ol,1,0,Yes
01/07/23,14:18:42,ClaudiaLopez,2846325,2996,73136,RT @davidgarciarod: #DeReyesQuiero Compartir que nuestra FilarmÃ³nica de Mujeres de @filarmonibogota  es invitada especial para representarâ€¦,espaÃ±ol,0,18,Yes
01/07/23,14:14:20,GustavoBolivar,1450169,24444,60319,"En esta entrevista les entrego mi visiÃ³n de la polÃ­tica, mi visiÃ³n del paÃ­s, lo q opino del gobierno Petro, denunciâ€¦ https://t.co/vsbmClKL27",espaÃ±ol,2199,724,Yes
01/07/23,14:13:48,Geo_AW,69582,841,26615,King modeling the shape of his final attack after dragon form Kaido was insane dickriding https://t.co/JOi1kobAMj,inglÃ©s,4122,160,No
01/07/23,14:13:43,PSG_espanol,1643120,126,46759,"ğŸ‚5âƒ£4âƒ£

Â¡Feliz cumpleaÃ±os para el #PSGlegend ğŒğšğ«ğœğ¨ ğ’ğ¢ğ¦ğ¨ğ§ğ! ğŸ˜â¤ï¸ğŸ’™

 https://t.co/7oCz0hJfpS",espaÃ±ol,130,9,Yes
01/07/23,14:01:54,platzi,292735,232,170159,"Si quieres ser mejor estudiante en el 2023:

ğŸ‘‰ğŸ½ Define el Ã©xito: Â¿quÃ© quieres lograr?
ğŸ‘‰ğŸ½ AduÃ©Ã±ate de tu aprendizajeâ€¦ https://t.co/OGEmoC5Qip",espaÃ±ol,66,8,Yes
01/07/23,14:01:33,PokeFansTaiwan,4819,348,53363,"RT @SnivyPokemon21: Ash decided to eat Magikarp,now Magikarp decided to eat Ash!
Perfect revenge.
#anipoke https://t.co/IxJcRCyRnC",inglÃ©s,0,42,No
01/07/23,14:00:09,FCBarcelona_cat,7927651,97,117821,Sempre amb un somriure ğŸ˜ https://t.co/PY3ZtkrJiy,catalÃ¡n,1041,43,Yes
01/07/23,13:55:46,FCBarcelona,45788341,111,129280,Gaviiiii ğŸ˜ https://t.co/XVjhiqZREB,inglÃ©s,11886,660,Yes
01/07/23,13:40:52,FCBarcelona_es,20835101,104,131263,La foto que querÃ­as ver https://t.co/SndQdak8WV,espaÃ±ol,6698,324,Yes
01/07/23,13:37:35,PokeFansTaiwan,4819,348,53363,"RT @BMike_pokemon: ã€å…¥è·æƒ…å ±ã€‘
æ°´ã®éƒ½ã®ãƒ©ãƒ†ã‚£ã‚ªã‚¹ãƒ»ãƒ©ãƒ†ã‚£ã‚¢ã‚¹ãŒå°å…¥ã•ã‚Œã¦ã„ã‚‹åŠ‡å ´é™å®šVSãƒ‘ãƒƒã‚¯ã‚„ã‚¤ãƒ¼ãƒ–ã‚¤ã‚³ãƒ¬ã‚¯ã‚·ãƒ§ãƒ³ã®ã‚³ãƒ¬ã‚¯ã‚·ãƒ§ãƒ³ãƒ•ã‚¡ã‚¤ãƒ«ãªã©ã€çã—ã„æœªé–‹å°å•†å“ãŒå…¥è·ã—ã¾ã—ãŸï¼
ã„ãšã‚Œã‚‚ç¾å“é™ã‚Šã§ã™ã®ã§ã€ãŠæ±‚ã‚ã®æ–¹ã¯ãŠæ—©ã‚ã«ï¼
ï¼ƒãƒã‚±ã‚«
ï¼ƒãƒã‚±ãƒ¢ãƒ³ã‚«ãƒ¼ãƒ‰â€¦",japonÃ©s,0,4,No
01/07/23,13:11:16,JWSTObservation,18639,2,1753,I am now observing MACSJ0416.1-2403 using NIRISS Wide Field Slitless Spectroscopy for 16 hours and 59 minutes. Keywâ€¦ https://t.co/1wptKOLl4B,inglÃ©s,23,0,No
01/07/23,13:09:03,Geo_AW,69582,841,26615,TONIGHT https://t.co/ILYXCFz6Xt,inglÃ©s,4176,289,No
01/07/23,13:08:00,fifaworldcup_es,2881376,451,25935,"ğŸ‡§ğŸ‡ª @thibautcourtois, DE LOCOS ğŸ§¤

@realmadrid | #CopaMundialFIFA",espaÃ±ol,192,12,Yes
01/07/23,13:06:33,PSG_espanol,1643120,126,46759,"Â¡Lo mejor de la victoria por la @coupedefrance ğŸ†š ChÃ¢teauroux! âš½ï¸ (1-3)

#LBCPSG https://t.co/RgTGgSoYAJ",catalÃ¡n,94,14,Yes
01/07/23,13:02:50,FCBarcelona_cat,7927651,97,117821,"ğŸ”Š Xavi: ""Tinc bastant clar l'onze inicial""

#AtletiBarÃ§a https://t.co/ANn60o02BI",catalÃ¡n,290,23,Yes
01/07/23,13:02:47,AmericadeCali,918002,55,51054,"#CumpleaÃ±osEscarlata ğŸˆ Felicitamos en su dÃ­a a Jorge RamÃ³n CÃ¡ceres, Ã­dolo y segundo goleador histÃ³rico de AmÃ©rica dâ€¦ https://t.co/opg188fSlH",espaÃ±ol,637,64,Yes
01/07/23,13:00:04,Xiaomi,4396550,358,10178,"If you hate cleaning just as much as cardio, we got you a shortcut. ğŸ˜
#XiaomiTrucleanW10ProWetDryVacuum https://t.co/opSmQs2nCV",inglÃ©s,266,19,Yes
01/07/23,12:58:33,PSG_espanol,1643120,126,46759,"ğŸ†• Tras su debut ante ChÃ¢teauroux, Ilyes Housni se convirtiÃ³ en el jugador nÃºmero 4ï¸âƒ£9ï¸âƒ£2ï¸âƒ£ en vestir la camiseta deâ€¦ https://t.co/xRjjIWDd4w",catalÃ¡n,107,10,Yes
01/07/23,12:53:30,FCBarcelona_cat,7927651,97,117821,"Xavi: ""El futbol Ã©s un joc d'errors"" https://t.co/RXOHxTSLmv",catalÃ¡n,312,24,Yes
01/07/23,12:49:22,Geo_AW,69582,841,26615,These two have a better rivalry than your favorite mc and their main villain https://t.co/CweasP8Dim,inglÃ©s,6750,510,No
01/07/23,12:46:27,FCBarcelona_es,20835101,104,131263,ğŸ”Š Xavi analiza el #AtletiBarÃ§a https://t.co/QpGlTegRLy,espaÃ±ol,1116,74,Yes
01/07/23,12:45:26,FCBarcelona_es,20835101,104,131263,"ğŸ”Š Xavi: ""A priori hemos tenido suerte en el sorteo de Copa, pero debe demostrarse porque tenemos precedentes de rivâ€¦ https://t.co/VYhMHoT3uw",espaÃ±ol,1535,73,Yes
01/07/23,12:42:24,FCBarcelona_cat,7927651,97,117821,"ğŸ”Š Xavi: ""A priori hem tingut sort en el sorteig de Copa, perÃ² s'ha de demostrar perquÃ¨ tenim precedents de rivals dâ€¦ https://t.co/eyRgNALwHZ",catalÃ¡n,295,20,Yes
01/07/23,12:40:29,Geo_AW,69582,841,26615,Zoro and Sanji on tonightâ€™s one piece episode  https://t.co/7IIcsd3i9N,inglÃ©s,2739,326,No
01/07/23,12:36:27,FCBarcelona,45788341,111,129280,"""It will be a very difficult game""

      â€” Xavi on being drawn against Ceuta in the last 16 of the Copa del Rey https://t.co/FtNljau5q9",inglÃ©s,2127,122,Yes
01/07/23,12:34:03,FCBarcelona,45788341,111,129280,"âš¡ï¸ ğ™‡ğ™„ğ™‘ğ™€ ğ™‰ğ™Šğ™’ âš¡ï¸
BarÃ§a manager Xavi HernÃ¡ndez speaks to the media ahead of Sundayâ€™s #AtletiBarÃ§a in @LaLiga 

ğ—ªğ—”ğ—§ğ—–ğ—› ğ—¡â€¦ https://t.co/wtBV21IXZq",espaÃ±ol,1346,80,Yes
01/07/23,12:26:52,GustavoBolivar,1450169,24444,60319,"RT @RevistaSemana: #GustavoBolÃ­varSeDestapa | En una explosiva entrevista con SEMANA, Gustavo BolÃ­var se despide del Senado. Denuncia una aâ€¦",espaÃ±ol,0,147,Yes
01/07/23,12:26:34,FCBarcelona,45788341,111,129280,ğŸš¨ BarÃ§a to face Ceuta in the last 16 of the Copa del Rey! https://t.co/oQYh1kok6Q,espaÃ±ol,7010,428,Yes
